FlightNumber,PayloadMass,Flights,GridFins,Reused,Legs,Block,ReusedCount,Orbit_ES-L1,Orbit_GEO,Orbit_GTO,Orbit_HEO,Orbit_ISS,Orbit_LEO,Orbit_MEO,Orbit_PO,Orbit_SO,Orbit_SSO,Orbit_VLEO,LaunchSite_CCAFS SLC 40,LaunchSite_KSC LC 39A,LaunchSite_VAFB SLC 4E,LandingPad_5e9e3032383ecb267a34e7c7,LandingPad_5e9e3032383ecb554034e7c9,LandingPad_5e9e3032383ecb6bb234e7ca,LandingPad_5e9e3032383ecb761634e7cb,LandingPad_5e9e3033383ecbb9e534e7cc,Class
1,6104.959411764706,1,False,False,False,1.0,0,0,0,0,0,0,1,0,0,0,0,0,1,0,0,0,0,0,0,0,0
2,525.0,1,False,False,False,1.0,0,0,0,0,0,0,1,0,0,0,0,0,1,0,0,0,0,0,0,0,0
3,677.0,1,False,False,False,1.0,0,0,0,0,0,1,0,0,0,0,0,0,1,0,0,0,0,0,0,0,0
4,500.0,1,False,False,False,1.0,0,0,0,0,0,0,0,0,1,0,0,0,0,0,1,0,0,0,0,0,0
5,3170.0,1,False,False,False,1.0,0,0,0,1,0,0,0,0,0,0,0,0,1,0,0,0,0,0,0,0,0
6,3325.0,1,False,False,False,1.0,0,0,0,1,0,0,0,0,0,0,0,0,1,0,0,0,0,0,0,0,0
7,2296.0,1,False,False,True,1.0,0,0,0,0,0,1,0,0,0,0,0,0,1,0,0,0,0,0,0,0,1
8,1316.0,1,False,False,True,1.0,0,0,0,0,0,0,1,0,0,0,0,0,1,0,0,0,0,0,0,0,1
9,4535.0,1,False,False,False,1.0,0,0,0,1,0,0,0,0,0,0,0,0,1,0,0,0,0,0,0,0,0
10,4428.0,1,False,False,False,1.0,0,0,0,1,0,0,0,0,0,0,0,0,1,0,0,0,0,0,0,0,0
11,2216.0,1,False,False,False,1.0,0,0,0,0,0,1,0,0,0,0,0,0,1,0,0,0,0,0,0,0,0
12,2395.0,1,True,False,True,1.0,0,0,0,0,0,1,0,0,0,0,0,0,1,0,0,0,0,0,1,0,0
13,570.0,1,True,False,True,1.0,0,1,0,0,0,0,0,0,0,0,0,0,1,0,0,0,0,0,0,0,1
14,1898.0,1,True,False,True,1.0,0,0,0,0,0,1,0,0,0,0,0,0,1,0,0,0,0,0,1,0,0
15,4707.0,1,False,False,False,1.0,0,0,0,1,0,0,0,0,0,0,0,0,1,0,0,0,0,0,0,0,0
16,2477.0,1,True,False,True,1.0,0,0,0,0,0,1,0,0,0,0,0,0,1,0,0,0,0,1,0,0,0
17,2034.0,1,True,False,True,1.0,0,0,0,0,0,0,1,0,0,0,0,0,1,0,0,1,0,0,0,0,1
18,553.0,1,True,False,True,1.0,0,0,0,0,0,0,0,0,1,0,0,0,0,0,1,0,0,0,0,1,0
19,5271.0,1,True,False,True,1.0,0,0,0,1,0,0,0,0,0,0,0,0,1,0,0,0,0,1,0,0,0
20,3136.0,1,True,False,True,2.0,1,0,0,0,0,1,0,0,0,0,0,0,1,0,0,0,0,1,0,0,1
21,4696.0,1,True,False,True,2.0,0,0,0,1,0,0,0,0,0,0,0,0,1,0,0,0,0,1,0,0,1
22,3100.0,1,True,False,True,2.0,1,0,0,1,0,0,0,0,0,0,0,0,1,0,0,0,0,1,0,0,1
23,2257.0,1,True,False,True,2.0,1,0,0,0,0,1,0,0,0,0,0,0,1,0,0,1,0,0,0,0,1
24,4600.0,1,True,False,True,2.0,0,0,0,1,0,0,0,0,0,0,0,0,1,0,0,0,0,1,0,0,1
25,5500.0,1,True,False,True,3.0,0,0,0,1,0,0,0,0,0,0,0,0,1,0,0,0,0,1,0,0,0
26,9600.0,1,True,True,True,3.0,1,0,0,0,0,0,0,0,1,0,0,0,0,0,1,0,0,0,0,1,1
27,2490.0,1,True,False,True,3.0,1,0,0,0,0,1,0,0,0,0,0,0,0,1,0,1,0,0,0,0,1
28,5600.0,1,False,False,False,3.0,0,0,0,1,0,0,0,0,0,0,0,0,0,1,0,0,0,0,0,0,0
29,5300.0,2,True,True,True,2.0,1,0,0,1,0,0,0,0,0,0,0,0,0,1,0,0,0,1,0,0,1
30,6104.959411764706,1,True,False,True,3.0,1,0,0,0,0,0,1,0,0,0,0,0,0,1,0,1,0,0,0,0,1
31,6070.0,1,False,False,False,3.0,0,0,0,1,0,0,0,0,0,0,0,0,0,1,0,0,0,0,0,0,0
32,2708.0,1,True,False,True,3.0,1,0,0,0,0,1,0,0,0,0,0,0,0,1,0,1,0,0,0,0,1
33,3669.0,2,True,True,True,3.0,1,0,0,1,0,0,0,0,0,0,0,0,0,1,0,0,0,1,0,0,1
34,9600.0,1,True,False,True,3.0,1,0,0,0,0,0,0,0,1,0,0,0,0,0,1,0,0,0,0,1,1
35,6761.0,1,False,False,False,3.0,0,0,0,1,0,0,0,0,0,0,0,0,0,1,0,0,0,0,0,0,0
36,2910.0,1,True,False,True,4.0,1,0,0,0,0,1,0,0,0,0,0,0,0,1,0,1,0,0,0,0,1
37,475.0,1,True,False,True,3.0,1,0,0,0,0,0,0,0,0,0,1,0,0,0,1,0,0,0,0,1,1
38,4990.0,1,True,False,True,4.0,1,0,0,0,0,0,1,0,0,0,0,0,0,1,0,1,0,0,0,0,1
39,9600.0,1,True,False,True,4.0,1,0,0,0,0,0,0,0,1,0,0,0,0,0,1,0,0,0,0,1,1
40,5200.0,2,True,True,True,3.0,1,0,0,1,0,0,0,0,0,0,0,0,0,1,0,0,0,1,0,0,1
41,3700.0,1,True,False,True,4.0,0,0,0,1,0,0,0,0,0,0,0,0,0,1,0,0,0,1,0,0,1
42,2205.0,2,True,True,True,3.0,1,0,0,0,0,1,0,0,0,0,0,0,1,0,0,1,0,0,0,0,1
43,9600.0,2,True,True,False,3.0,1,0,0,0,0,0,0,0,1,0,0,0,0,0,1,0,0,0,0,0,1
44,6104.959411764706,1,True,False,True,4.0,1,0,0,0,0,0,1,0,0,0,0,0,1,0,0,1,0,0,0,0,1
45,4230.0,2,True,True,True,3.0,1,0,0,1,0,0,0,0,0,0,0,0,1,0,0,0,0,0,0,0,1
46,6092.0,1,True,False,True,4.0,0,0,0,1,0,0,0,0,0,0,0,0,1,0,0,0,0,0,0,0,0
47,9600.0,2,True,True,True,4.0,1,0,0,0,0,0,0,0,1,0,0,0,0,0,1,0,0,0,0,0,0
48,2760.0,2,True,True,True,4.0,1,0,0,0,0,1,0,0,0,0,0,0,1,0,0,0,0,0,0,0,0
49,350.0,1,True,False,True,4.0,1,0,0,0,1,0,0,0,0,0,0,0,1,0,0,0,0,1,0,0,1
50,3750.0,1,True,False,True,5.0,3,0,0,1,0,0,0,0,0,0,0,0,0,1,0,0,0,1,0,0,1
51,5383.85,2,False,True,False,4.0,1,0,0,1,0,0,0,0,0,0,0,0,1,0,0,0,0,0,0,0,0
52,2410.0,2,False,True,False,4.0,1,0,0,0,0,1,0,0,0,0,0,0,1,0,0,0,0,0,0,0,0
53,7076.0,1,True,False,True,5.0,2,0,0,1,0,0,0,0,0,0,0,0,1,0,0,0,0,1,0,0,1
54,9600.0,1,True,False,True,5.0,4,0,0,0,0,0,0,0,1,0,0,0,0,0,1,0,0,0,0,1,1
55,5800.0,2,True,True,True,5.0,3,0,0,1,0,0,0,0,0,0,0,0,1,0,0,0,0,1,0,0,1
56,7060.0,1,True,False,True,5.0,5,0,0,1,0,0,0,0,0,0,0,0,1,0,0,0,0,1,0,0,1
57,2800.0,2,True,True,True,5.0,4,0,0,0,0,0,0,0,0,0,1,0,0,0,1,0,1,0,0,0,1
58,3000.0,2,True,True,True,5.0,2,0,0,1,0,0,0,0,0,0,0,0,0,1,0,0,0,1,0,0,1
59,4000.0,3,True,True,True,5.0,3,0,0,0,0,0,0,0,0,0,1,0,0,0,1,0,0,0,0,1,1
60,2573.0,1,True,False,True,5.0,0,0,0,0,0,1,0,0,0,0,0,0,1,0,0,1,0,0,0,0,0
61,4400.0,1,False,False,False,5.0,0,0,0,0,0,0,0,1,0,0,0,0,1,0,0,0,0,0,0,0,0
62,9600.0,2,True,True,True,5.0,5,0,0,0,0,0,0,0,1,0,0,0,0,0,1,0,0,0,0,1,1
63,12259.0,1,True,False,True,5.0,5,0,0,0,0,1,0,0,0,0,0,0,0,1,0,0,0,1,0,0,1
64,2482.0,1,True,False,True,5.0,3,0,0,0,0,1,0,0,0,0,0,0,1,0,0,0,0,1,0,0,1
65,13620.0,3,True,True,True,5.0,5,0,0,0,0,0,0,0,0,0,0,1,1,0,0,0,0,1,0,0,1
66,1425.0,2,True,True,True,5.0,5,0,0,0,0,0,0,0,0,0,1,0,0,0,1,0,1,0,0,0,1
67,2227.7,2,True,True,True,5.0,3,0,0,0,0,1,0,0,0,0,0,0,1,0,0,1,0,0,0,0,1
68,6500.0,3,False,True,False,5.0,2,0,0,1,0,0,0,0,0,0,0,0,1,0,0,0,0,0,0,0,0
69,15600.0,4,True,True,True,5.0,4,0,0,0,0,0,0,0,0,0,0,1,1,0,0,0,0,1,0,0,1
70,5000.0,1,True,False,True,5.0,3,0,0,0,0,1,0,0,0,0,0,0,1,0,0,0,0,1,0,0,1
71,6800.0,3,True,True,True,5.0,3,0,0,1,0,0,0,0,0,0,0,0,1,0,0,0,0,1,0,0,1
72,15400.0,4,True,True,True,5.0,5,0,0,0,0,0,0,0,0,0,0,1,1,0,0,0,0,1,0,0,1
73,6104.959411764706,4,False,True,False,5.0,3,0,0,0,0,0,0,0,0,1,0,0,0,1,0,0,0,0,0,0,0
74,15600.0,3,True,True,True,5.0,5,0,0,0,0,0,0,0,0,0,0,1,1,0,0,0,0,1,0,0,1
75,15400.0,4,True,True,True,5.0,3,0,0,0,0,0,0,0,0,0,0,1,1,0,0,0,0,1,0,0,0
76,1977.0,2,True,True,True,5.0,3,0,0,0,0,1,0,0,0,0,0,0,1,0,0,1,0,0,0,0,1
77,15600.0,5,True,True,True,5.0,4,0,0,0,0,0,0,0,0,0,0,1,0,1,0,0,0,1,0,0,0
78,15400.0,4,True,True,True,5.0,5,0,0,0,0,0,0,0,0,0,0,1,0,1,0,0,0,1,0,0,1
79,9525.0,1,True,False,True,5.0,2,0,0,0,0,1,0,0,0,0,0,0,0,1,0,0,0,1,0,0,1
80,15400.0,5,True,True,True,5.0,5,0,0,0,0,0,0,0,0,0,0,1,1,0,0,0,0,0,0,1,1
81,15400.0,3,True,True,True,5.0,3,0,0,0,0,0,0,0,0,0,0,1,1,0,0,0,0,1,0,0,1
82,3880.0,1,True,False,True,5.0,2,0,0,0,0,0,0,1,0,0,0,0,1,0,0,0,0,0,0,1,1
83,6104.959411764706,2,True,True,True,5.0,2,0,1,0,0,0,0,0,0,0,0,0,1,0,0,0,0,0,0,1,1
84,15400.0,6,True,True,True,5.0,5,0,0,0,0,0,0,0,0,0,0,1,1,0,0,1,0,0,0,0,1
85,1600.0,4,True,True,True,5.0,3,0,0,0,0,0,0,0,0,0,1,0,1,0,0,1,0,0,0,0,1
86,15400.0,2,True,True,True,5.0,2,0,0,0,0,0,0,0,0,0,0,1,0,1,0,0,0,1,0,0,1
87,15400.0,3,True,True,True,5.0,2,0,0,0,0,0,0,0,0,0,0,1,0,1,0,0,0,1,0,0,1
88,15400.0,6,True,True,True,5.0,5,0,0,0,0,0,0,0,0,0,0,1,0,1,0,0,0,1,0,0,1
89,15400.0,3,True,True,True,5.0,2,0,0,0,0,0,0,0,0,0,0,1,1,0,0,0,0,0,0,1,1
90,3681.0,1,True,False,True,5.0,0,0,0,0,0,0,0,1,0,0,0,0,1,0,0,0,0,1,0,0,1
